{"hum1,RuleBasedIGGI":1.585649474676773E-12,"hum1,RuleBasedInternal":1.3189139654748505E-15,"hum1,RuleBasedFlawed":2.7382239680015556E-15,"hum1,RuleBasedVanDeBergh":1.6457053405691167E-13,"hum1,RuleBasedPiers":3.231664029782883E-10,"hum1,SampleLegalRandom":0.9999999996750795,"hum1,RuleBasedOuter":3.550602766470966E-19}